{"cameraMode":{"drawMode":0,"name":"Shaded","section":"Shading Mode"},"sceneLighting":false,"audioPlay":false,"sceneViewState":{"showFog":false,"showMaterialUpdate":false,"showSkybox":false,"showFlares":false,"showImageEffects":false,"showParticleSystems":true},"in2DMode":false,"pivot":{"x":-381.8087463378906,"y":-197.99066162109376,"z":33.9128532409668},"rotation":{"x":0.25108352303504946,"y":0.3197312653064728,"z":-0.08828031271696091,"w":0.9093599319458008},"size":27.27971839904785,"orthographic":true}