{"cameraMode":{"drawMode":0,"name":"Shaded","section":"Shading Mode"},"sceneLighting":false,"audioPlay":false,"sceneViewState":{"showFog":false,"showMaterialUpdate":false,"showSkybox":false,"showFlares":false,"showImageEffects":false,"showParticleSystems":true},"in2DMode":false,"pivot":{"x":41.0,"y":3.0199666023254396,"z":20.975566864013673},"rotation":{"x":-0.04123896732926369,"y":0.9148315787315369,"z":-0.3899097740650177,"w":-0.09671057760715485},"size":70.76819610595703,"orthographic":false}