{"cameraMode":{"drawMode":0,"name":"Shaded","section":"Shading Mode"},"sceneLighting":false,"audioPlay":false,"sceneViewState":{"showFog":false,"showMaterialUpdate":false,"showSkybox":false,"showFlares":false,"showImageEffects":false,"showParticleSystems":true},"in2DMode":false,"pivot":{"x":2.0,"y":-2.3841863594498138e-7,"z":-2.0000007152557375},"rotation":{"x":0.006442153826355934,"y":-0.9512422680854797,"z":0.3077472150325775,"w":0.01970883272588253},"size":9.333813667297364,"orthographic":false}