{"cameraMode":{"drawMode":0,"name":"Shaded","section":"Shading Mode"},"sceneLighting":false,"audioPlay":false,"sceneViewState":{"showFog":false,"showMaterialUpdate":false,"showSkybox":false,"showFlares":false,"showImageEffects":false,"showParticleSystems":true},"in2DMode":false,"pivot":{"x":9.461033821105957,"y":1.0,"z":-8.36871337890625},"rotation":{"x":0.0002854336053133011,"y":0.9995365142822266,"z":-0.009893535636365414,"w":0.02879083901643753},"size":3.5847179889678957,"orthographic":true}