{"cameraMode":{"drawMode":0,"name":"Shaded","section":"Shading Mode"},"sceneLighting":false,"audioPlay":false,"sceneViewState":{"showFog":false,"showMaterialUpdate":false,"showSkybox":false,"showFlares":false,"showImageEffects":false,"showParticleSystems":true},"in2DMode":false,"pivot":{"x":13.63140869140625,"y":2.0892333984375,"z":-7.5784759521484379},"rotation":{"x":0.042490892112255099,"y":0.9492405652999878,"z":-0.14666876196861268,"w":0.2750003933906555},"size":1.6582305431365967,"orthographic":true}