{"cameraMode":{"drawMode":0,"name":"Shaded","section":"Shading Mode"},"sceneLighting":false,"audioPlay":false,"sceneViewState":{"showFog":false,"showMaterialUpdate":false,"showSkybox":false,"showFlares":false,"showImageEffects":false,"showParticleSystems":true},"in2DMode":false,"pivot":{"x":-0.0002904236316680908,"y":1.0283654928207398,"z":0.0},"rotation":{"x":-0.049142614006996158,"y":0.8923356533050537,"z":-0.10026978701353073,"w":-0.4373420476913452},"size":4.249919414520264,"orthographic":true}