{"cameraMode":{"drawMode":0,"name":"Shaded","section":"Shading Mode"},"sceneLighting":false,"audioPlay":false,"sceneViewState":{"showFog":false,"showMaterialUpdate":false,"showSkybox":false,"showFlares":false,"showImageEffects":false,"showParticleSystems":true},"in2DMode":false,"pivot":{"x":2.649351119995117,"y":6.0201497077941898,"z":0.908652126789093},"rotation":{"x":0.04224562644958496,"y":-0.9194918870925903,"z":0.10304463654756546,"w":0.3770036995410919},"size":0.38738542795181277,"orthographic":false}