{"cameraMode":{"drawMode":0,"name":"Shaded","section":"Shading Mode"},"sceneLighting":false,"audioPlay":false,"sceneViewState":{"showFog":false,"showMaterialUpdate":false,"showSkybox":false,"showFlares":false,"showImageEffects":false,"showParticleSystems":true},"in2DMode":false,"pivot":{"x":-0.9655019640922546,"y":0.28581756353378298,"z":0.08003352582454682},"rotation":{"x":-0.15668132901191712,"y":0.8429132699966431,"z":0.34944307804107668,"w":0.3779388666152954},"size":0.5159196257591248,"orthographic":true}