{"cameraMode":{"drawMode":0,"name":"Shaded","section":"Shading Mode"},"sceneLighting":false,"audioPlay":false,"sceneViewState":{"showFog":false,"showMaterialUpdate":false,"showSkybox":false,"showFlares":false,"showImageEffects":false,"showParticleSystems":true},"in2DMode":false,"pivot":{"x":2.270740509033203,"y":6.2501068115234379,"z":0.7608821392059326},"rotation":{"x":-0.026211312040686609,"y":0.6972469687461853,"z":-0.02553498186171055,"w":-0.7158964276313782},"size":1.318446397781372,"orthographic":true}