{"cameraMode":{"drawMode":0,"name":"Shaded","section":"Shading Mode"},"sceneLighting":false,"audioPlay":false,"sceneViewState":{"showFog":false,"showMaterialUpdate":false,"showSkybox":false,"showFlares":false,"showImageEffects":false,"showParticleSystems":true},"in2DMode":false,"pivot":{"x":-0.0003083944320678711,"y":0.8737014532089233,"z":0.040916815400123599},"rotation":{"x":0.12531571090221406,"y":-0.82538902759552,"z":0.20198644697666169,"w":0.5120844841003418},"size":3.722330093383789,"orthographic":false}