{"cameraMode":{"drawMode":0,"name":"Shaded","section":"Shading Mode"},"sceneLighting":false,"audioPlay":false,"sceneViewState":{"showFog":false,"showMaterialUpdate":false,"showSkybox":false,"showFlares":false,"showImageEffects":false,"showParticleSystems":true},"in2DMode":false,"pivot":{"x":2.384185791015625e-7,"y":1.6499981880187989,"z":0.0},"rotation":{"x":0.07371947914361954,"y":0.8536792397499085,"z":-0.12587766349315644,"w":0.4999520480632782},"size":13.247782707214356,"orthographic":true}