{"cameraMode":{"drawMode":0,"name":"Shaded","section":"Shading Mode"},"sceneLighting":true,"audioPlay":false,"sceneViewState":{"showFog":false,"showMaterialUpdate":false,"showSkybox":false,"showFlares":false,"showImageEffects":false,"showParticleSystems":true},"in2DMode":false,"pivot":{"x":52.75849914550781,"y":86.37266540527344,"z":813.720703125},"rotation":{"x":-0.07906030118465424,"y":0.09435969591140747,"z":-0.007517272140830755,"w":-0.9923654794692993},"size":1290.8800048828125,"orthographic":false}