{"cameraMode":{"drawMode":0,"name":"Shaded","section":"Shading Mode"},"sceneLighting":false,"audioPlay":false,"sceneViewState":{"showFog":false,"showMaterialUpdate":false,"showSkybox":false,"showFlares":false,"showImageEffects":false,"showParticleSystems":true},"in2DMode":false,"pivot":{"x":0.0,"y":0.10000049322843552,"z":9.5367431640625e-7},"rotation":{"x":0.004677904769778252,"y":0.7816213965415955,"z":-0.005862269084900618,"w":0.623708188533783},"size":4.5477705001831059,"orthographic":true}