{"cameraMode":{"drawMode":0,"name":"Shaded","section":"Shading Mode"},"sceneLighting":false,"audioPlay":false,"sceneViewState":{"showFog":false,"showMaterialUpdate":false,"showSkybox":false,"showFlares":false,"showImageEffects":false,"showParticleSystems":true},"in2DMode":false,"pivot":{"x":-407.63543701171877,"y":-194.60000610351563,"z":12.859999656677246},"rotation":{"x":-0.03244395554065704,"y":0.9629516005516052,"z":-0.13520994782447816,"w":-0.23106256127357484},"size":3.5847067832946779,"orthographic":false}