{"cameraMode":{"drawMode":0,"name":"Shaded","section":"Shading Mode"},"sceneLighting":false,"audioPlay":false,"sceneViewState":{"showFog":false,"showMaterialUpdate":false,"showSkybox":false,"showFlares":false,"showImageEffects":false,"showParticleSystems":true},"in2DMode":false,"pivot":{"x":1.952314853668213,"y":6.136776924133301,"z":1.1316604614257813},"rotation":{"x":-0.08258194476366043,"y":-0.054682813584804538,"z":0.00453794002532959,"w":-0.995072603225708},"size":0.8724910020828247,"orthographic":true}