{"cameraMode":{"drawMode":0,"name":"Shaded","section":"Shading Mode"},"sceneLighting":false,"audioPlay":false,"sceneViewState":{"showFog":false,"showMaterialUpdate":false,"showSkybox":false,"showFlares":false,"showImageEffects":false,"showParticleSystems":true},"in2DMode":false,"pivot":{"x":-3.725290298461914e-9,"y":0.04951661825180054,"z":0.10013261437416077},"rotation":{"x":0.06952358037233353,"y":-0.8451398611068726,"z":0.11350418627262116,"w":0.5177083611488342},"size":1.0110576152801514,"orthographic":false}