{"cameraMode":{"drawMode":0,"name":"Shaded","section":"Shading Mode"},"sceneLighting":false,"audioPlay":false,"sceneViewState":{"showFog":false,"showMaterialUpdate":false,"showSkybox":false,"showFlares":false,"showImageEffects":false,"showParticleSystems":true},"in2DMode":false,"pivot":{"x":2.0362770557403566,"y":6.096251487731934,"z":0.9968028664588928},"rotation":{"x":0.04224562644958496,"y":-0.9194918870925903,"z":0.10304463654756546,"w":0.3770036995410919},"size":0.3216201663017273,"orthographic":false}