{"cameraMode":{"drawMode":0,"name":"Shaded","section":"Shading Mode"},"sceneLighting":false,"audioPlay":false,"sceneViewState":{"showFog":false,"showMaterialUpdate":false,"showSkybox":false,"showFlares":false,"showImageEffects":false,"showParticleSystems":true},"in2DMode":false,"pivot":{"x":0.0014340559719130397,"y":0.0025457243900746109,"z":0.0024719033390283586},"rotation":{"x":0.15028579533100129,"y":-0.7502813935279846,"z":0.18265724182128907,"w":0.6173560619354248},"size":0.009400125592947007,"orthographic":false}