{"cameraMode":{"drawMode":0,"name":"Shaded","section":"Shading Mode"},"sceneLighting":false,"audioPlay":false,"sceneViewState":{"showFog":false,"showMaterialUpdate":false,"showSkybox":false,"showFlares":false,"showImageEffects":false,"showParticleSystems":true},"in2DMode":false,"pivot":{"x":-286.0653076171875,"y":16.13675308227539,"z":74.95091247558594},"rotation":{"x":-0.13278096914291383,"y":0.8075653314590454,"z":-0.1989106386899948,"w":-0.539112389087677},"size":324.5320739746094,"orthographic":false}