{"cameraMode":{"drawMode":0,"name":"Shaded","section":"Shading Mode"},"sceneLighting":false,"audioPlay":false,"sceneViewState":{"showFog":false,"showMaterialUpdate":false,"showSkybox":false,"showFlares":false,"showImageEffects":false,"showParticleSystems":true},"in2DMode":false,"pivot":{"x":-401.2448425292969,"y":-195.55735778808595,"z":14.086146354675293},"rotation":{"x":0.2346857786178589,"y":0.545650064945221,"z":-0.1625349372625351,"w":0.7878902554512024},"size":3.4677743911743166,"orthographic":false}