{"cameraMode":{"drawMode":0,"name":"Shaded","section":"Shading Mode"},"sceneLighting":false,"audioPlay":false,"sceneViewState":{"showFog":false,"showMaterialUpdate":false,"showSkybox":false,"showFlares":false,"showImageEffects":false,"showParticleSystems":true},"in2DMode":false,"pivot":{"x":9.461033821105957,"y":1.0307258367538453,"z":-8.36871337890625},"rotation":{"x":-0.0010868115350604058,"y":0.9985806941986084,"z":-0.048268526792526248,"w":-0.022486018016934396},"size":3.414079427719116,"orthographic":true}