{"cameraMode":{"drawMode":0,"name":"Shaded","section":"Shading Mode"},"sceneLighting":false,"audioPlay":false,"sceneViewState":{"showFog":false,"showMaterialUpdate":false,"showSkybox":false,"showFlares":false,"showImageEffects":false,"showParticleSystems":true},"in2DMode":false,"pivot":{"x":1.9166637659072877,"y":6.421960353851318,"z":0.5177019238471985},"rotation":{"x":-0.0013518122723326088,"y":0.6609624028205872,"z":-0.0011901715770363808,"w":-0.7504169344902039},"size":1.3686578273773194,"orthographic":true}