{"cameraMode":{"drawMode":0,"name":"Shaded","section":"Shading Mode"},"sceneLighting":false,"audioPlay":false,"sceneViewState":{"showFog":false,"showMaterialUpdate":false,"showSkybox":false,"showFlares":false,"showImageEffects":false,"showParticleSystems":true},"in2DMode":false,"pivot":{"x":-286.0653076171875,"y":16.13675308227539,"z":74.95091247558594},"rotation":{"x":0.12249914556741715,"y":0.7123908400535584,"z":-0.12852506339550019,"w":0.6789510846138},"size":56.71784591674805,"orthographic":false}