{"cameraMode":{"drawMode":0,"name":"Shaded","section":"Shading Mode"},"sceneLighting":false,"audioPlay":false,"sceneViewState":{"showFog":false,"showMaterialUpdate":false,"showSkybox":false,"showFlares":false,"showImageEffects":false,"showParticleSystems":true},"in2DMode":false,"pivot":{"x":41.73878860473633,"y":-0.000011444091796875,"z":24.82711410522461},"rotation":{"x":0.04046759754419327,"y":0.8458340764045715,"z":-0.06483253091573715,"w":0.5279430747032166},"size":22.0,"orthographic":true}