{"cameraMode":{"drawMode":0,"name":"Shaded","section":"Shading Mode"},"sceneLighting":false,"audioPlay":false,"sceneViewState":{"showFog":false,"showMaterialUpdate":false,"showSkybox":false,"showFlares":false,"showImageEffects":false,"showParticleSystems":true},"in2DMode":false,"pivot":{"x":-401.5224914550781,"y":-194.28961181640626,"z":14.322745323181153},"rotation":{"x":0.05345108360052109,"y":-0.7820669412612915,"z":0.06774482876062393,"w":0.6171911358833313},"size":2.362276792526245,"orthographic":false}