{"cameraMode":{"drawMode":0,"name":"Shaded","section":"Shading Mode"},"sceneLighting":false,"audioPlay":false,"sceneViewState":{"showFog":false,"showMaterialUpdate":false,"showSkybox":false,"showFlares":false,"showImageEffects":false,"showParticleSystems":true},"in2DMode":false,"pivot":{"x":-13.45670223236084,"y":-0.1600974202156067,"z":-19.967029571533204},"rotation":{"x":-0.3500775694847107,"y":-0.1474982053041458,"z":0.05592843145132065,"w":-0.9233428835868836},"size":25.391357421875,"orthographic":false}