{"cameraMode":{"drawMode":0,"name":"Shaded","section":"Shading Mode"},"sceneLighting":false,"audioPlay":false,"sceneViewState":{"showFog":false,"showMaterialUpdate":false,"showSkybox":false,"showFlares":false,"showImageEffects":false,"showParticleSystems":true},"in2DMode":false,"pivot":{"x":3.0,"y":3.576279254957626e-7,"z":3.0000009536743166},"rotation":{"x":0.5536174774169922,"y":0.09716898947954178,"z":-0.06524418294429779,"w":0.8245053887367249},"size":14.000720977783204,"orthographic":false}