{"cameraMode":{"drawMode":0,"name":"Shaded","section":"Shading Mode"},"sceneLighting":false,"audioPlay":false,"sceneViewState":{"showFog":false,"showMaterialUpdate":false,"showSkybox":false,"showFlares":false,"showImageEffects":false,"showParticleSystems":true},"in2DMode":false,"pivot":{"x":28.768056869506837,"y":1.9483028650283814,"z":79.98541259765625},"rotation":{"x":0.31073373556137087,"y":-0.13850122690200807,"z":0.04580958932638168,"w":0.9392355680465698},"size":1.2190316915512086,"orthographic":true}