{"cameraMode":{"drawMode":0,"name":"Shaded","section":"Shading Mode"},"sceneLighting":false,"audioPlay":false,"sceneViewState":{"showFog":false,"showMaterialUpdate":false,"showSkybox":false,"showFlares":false,"showImageEffects":false,"showParticleSystems":true},"in2DMode":false,"pivot":{"x":-0.0002904236316680908,"y":0.8836272358894348,"z":0.04215218871831894},"rotation":{"x":-0.4171731770038605,"y":-0.02453346736729145,"z":0.011266413144767285,"w":-0.9084259271621704},"size":3.7541396617889406,"orthographic":true}