{"cameraMode":{"drawMode":0,"name":"Shaded","section":"Shading Mode"},"sceneLighting":false,"audioPlay":false,"sceneViewState":{"showFog":false,"showMaterialUpdate":false,"showSkybox":false,"showFlares":false,"showImageEffects":false,"showParticleSystems":true},"in2DMode":false,"pivot":{"x":-0.9655132293701172,"y":0.2881932258605957,"z":0.07027566432952881},"rotation":{"x":-0.04434717446565628,"y":0.7084497809410095,"z":-0.044688791036605838,"w":-0.7029474377632141},"size":2.0163729190826418,"orthographic":true}